Month of Observation,Median Home Price (NSA),Inflation Adjusted Price
1/1/53,"$18,080.26 ","$185,290.09 "
2/1/53,"$18,080.26 ","$185,638.51 "
3/1/53,"$18,080.26 ","$185,359.67 "
4/1/53,"$18,122.25 ","$185,372.49 "
5/1/53,"$18,143.25 ","$185,517.79 "
6/1/53,"$18,143.25 ","$185,032.68 "
7/1/53,"$18,185.25 ","$185,322.56 "
8/1/53,"$18,206.25 ","$185,121.96 "
9/1/53,"$18,227.25 ","$185,059.80 "
10/1/53,"$18,227.25 ","$184,647.79 "
11/1/53,"$18,206.25 ","$185,121.96 "
12/1/53,"$18,206.25 ","$184,984.17 "
1/1/54,"$18,206.25 ","$184,503.52 "
2/1/54,"$18,227.25 ","$184,374.14 "
3/1/54,"$18,227.25 ","$184,784.92 "
4/1/54,"$18,206.25 ","$185,053.04 "
5/1/54,"$18,206.25 ","$184,572.03 "
6/1/54,"$18,227.25 ","$184,716.33 "
7/1/54,"$18,290.25 ","$185,906.84 "
8/1/54,"$18,332.24 ","$186,403.04 "
9/1/54,"$18,374.24 ","$187,108.84 "
10/1/54,"$18,353.24 ","$187,524.50 "
11/1/54,"$18,353.24 ","$187,104.36 "
12/1/54,"$18,374.24 ","$187,388.42 "
1/1/55,"$18,395.24 ","$187,602.59 "
2/1/55,"$18,332.24 ","$186,611.54 "
3/1/55,"$18,290.25 ","$186,392.60 "
4/1/55,"$18,185.25 ","$185,322.56 "
5/1/55,"$18,185.25 ","$185,461.02 "
6/1/55,"$18,269.25 ","$186,736.22 "
7/1/55,"$18,332.24 ","$187,029.95 "
8/1/55,"$18,437.24 ","$188,382.78 "
9/1/55,"$18,479.24 ","$187,897.74 "
10/1/55,"$18,458.24 ","$187,894.15 "
11/1/55,"$18,416.24 ","$187,048.16 "
12/1/55,"$18,374.24 ","$186,691.03 "
1/1/56,"$18,332.24 ","$186,541.99 "
2/1/56,"$18,269.25 ","$185,693.39 "
3/1/56,"$18,206.25 ","$184,846.59 "
4/1/56,"$18,122.25 ","$183,720.45 "
5/1/56,"$18,143.25 ","$183,252.87 "
6/1/56,"$18,332.24 ","$184,343.33 "
7/1/56,"$18,479.24 ","$184,868.24 "
8/1/56,"$18,605.23 ","$185,992.35 "
9/1/56,"$18,584.23 ","$185,510.71 "
10/1/56,"$18,563.24 ","$184,223.46 "
11/1/56,"$18,521.24 ","$183,806.64 "
12/1/56,"$18,542.24 ","$183,215.85 "
1/1/57,"$18,605.23 ","$183,572.50 "
2/1/57,"$18,773.23 ","$184,363.92 "
3/1/57,"$18,773.23 ","$183,966.87 "
4/1/57,"$18,899.22 ","$184,737.34 "
5/1/57,"$18,962.22 ","$184,889.77 "
6/1/57,"$18,899.22 ","$183,554.39 "
7/1/57,"$18,899.22 ","$183,033.48 "
8/1/57,"$18,899.22 ","$182,450.98 "
9/1/57,"$18,962.22 ","$182,800.62 "
10/1/57,"$19,067.21 ","$183,812.75 "
11/1/57,"$19,067.21 ","$183,230.45 "
12/1/57,"$19,046.22 ","$182,643.01 "
1/1/58,"$19,067.21 ","$181,758.98 "
2/1/58,"$19,067.21 ","$181,378.99 "
3/1/58,"$19,235.21 ","$181,899.66 "
4/1/58,"$19,277.21 ","$181,855.90 "
5/1/58,"$19,319.20 ","$182,252.02 "
6/1/58,"$19,214.21 ","$181,449.67 "
7/1/58,"$19,214.21 ","$181,575.28 "
8/1/58,"$19,193.21 ","$181,063.46 "
9/1/58,"$19,130.21 ","$180,656.41 "
10/1/58,"$19,109.21 ","$180,458.10 "
11/1/58,"$19,151.21 ","$180,604.84 "
12/1/58,"$19,172.21 ","$180,678.06 "
1/1/59,"$19,130.21 ","$180,033.67 "
2/1/59,"$19,109.21 ","$179,898.06 "
3/1/59,"$19,109.21 ","$180,084.35 "
4/1/59,"$19,109.21 ","$180,022.21 "
5/1/59,"$19,193.21 ","$180,439.97 "
6/1/59,"$19,193.21 ","$180,006.07 "
7/1/59,"$19,130.21 ","$179,169.02 "
8/1/59,"$19,109.21 ","$178,788.34 "
9/1/59,"$19,151.21 ","$178,752.48 "
10/1/59,"$19,256.21 ","$179,120.15 "
11/1/59,"$19,277.21 ","$179,315.49 "
12/1/59,"$19,193.21 ","$178,169.90 "
1/1/60,"$19,256.21 ","$178,998.18 "
2/1/60,"$19,256.21 ","$178,754.72 "
3/1/60,"$19,256.21 ","$178,754.72 "
4/1/60,"$19,256.21 ","$177,968.06 "
5/1/60,"$19,214.21 ","$177,399.73 "
6/1/60,"$19,172.21 ","$176,772.83 "
7/1/60,"$19,172.21 ","$177,131.76 "
8/1/60,"$19,256.21 ","$177,547.33 "
9/1/60,"$19,340.20 ","$178,321.74 "
10/1/60,"$19,403.20 ","$178,060.72 "
11/1/60,"$19,340.20 ","$177,303.78 "
12/1/60,"$19,340.20 ","$177,125.35 "
1/1/61,"$19,340.20 ","$176,947.27 "
2/1/61,"$19,298.20 ","$176,563.01 "
3/1/61,"$19,340.20 ","$176,947.27 "
4/1/61,"$19,256.21 ","$176,356.14 "
5/1/61,"$19,319.20 ","$176,755.14 "
6/1/61,"$19,298.20 ","$176,563.01 "
7/1/61,"$19,361.20 ","$176,665.77 "
8/1/61,"$19,382.20 ","$176,739.25 "
9/1/61,"$19,382.20 ","$176,503.44 "
10/1/61,"$19,382.20 ","$176,503.44 "
11/1/61,"$19,487.20 ","$177,459.62 "
12/1/61,"$19,529.20 ","$177,664.31 "
1/1/62,"$19,550.19 ","$177,677.65 "
2/1/62,"$19,508.20 ","$176,883.85 "
3/1/62,"$19,508.20 ","$176,532.07 "
4/1/62,"$19,508.20 ","$176,298.33 "
5/1/62,"$19,613.19 ","$177,071.30 "
6/1/62,"$19,634.19 ","$177,436.92 "
7/1/62,"$19,634.19 ","$177,378.21 "
8/1/62,"$19,634.19 ","$177,026.73 "
9/1/62,"$19,613.19 ","$176,023.54 "
10/1/62,"$19,571.19 ","$175,877.87 "
11/1/62,"$19,592.19 ","$176,066.59 "
12/1/62,"$19,592.19 ","$176,066.59 "
1/1/63,"$19,613.19 ","$175,907.89 "
2/1/63,"$19,613.19 ","$175,677.04 "
3/1/63,"$19,718.19 ","$176,443.87 "
4/1/63,"$19,802.18 ","$177,369.84 "
5/1/63,"$19,760.19 ","$176,819.70 "
6/1/63,"$19,760.19 ","$176,242.04 "
7/1/63,"$19,802.18 ","$176,156.17 "
8/1/63,"$19,802.18 ","$175,812.45 "
9/1/63,"$19,802.18 ","$175,984.14 "
10/1/63,"$19,802.18 ","$175,812.45 "
11/1/63,"$19,928.18 ","$176,758.68 "
12/1/63,"$20,012.18 ","$176,928.93 "
1/1/64,"$20,012.18 ","$176,585.82 "
2/1/64,"$20,075.17 ","$177,313.57 "
3/1/64,"$20,075.17 ","$177,141.64 "
4/1/64,"$20,012.18 ","$176,528.77 "
5/1/64,"$19,928.18 ","$175,617.57 "
6/1/64,"$19,991.18 ","$176,002.32 "
7/1/64,"$20,033.17 ","$176,315.15 "
8/1/64,"$20,096.17 ","$176,698.73 "
9/1/64,"$20,159.17 ","$177,081.57 "
10/1/64,"$20,201.17 ","$177,222.42 "
11/1/64,"$20,264.17 ","$177,262.47 "
12/1/64,"$20,264.17 ","$177,035.57 "
1/1/65,"$20,390.16 ","$177,965.42 "
2/1/65,"$20,390.16 ","$177,965.42 "
3/1/65,"$20,327.16 ","$177,245.56 "
4/1/65,"$20,285.16 ","$176,484.77 "
5/1/65,"$20,264.17 ","$175,742.11 "
6/1/65,"$20,264.17 ","$175,019.35 "
7/1/65,"$20,306.16 ","$175,548.62 "
8/1/65,"$20,306.16 ","$175,715.54 "
9/1/65,"$20,306.16 ","$175,326.55 "
10/1/65,"$20,432.16 ","$176,247.23 "
11/1/65,"$20,537.15 ","$176,594.91 "
12/1/65,"$20,600.15 ","$176,580.48 "
1/1/66,"$20,663.15 ","$176,953.82 "
2/1/66,"$20,621.15 ","$175,493.19 "
3/1/66,"$20,621.15 ","$174,947.84 "
4/1/66,"$20,642.15 ","$174,583.48 "
5/1/66,"$20,684.15 ","$174,560.16 "
6/1/66,"$20,726.15 ","$174,752.55 "
7/1/66,"$20,747.15 ","$174,552.26 "
8/1/66,"$20,684.15 ","$172,956.24 "
9/1/66,"$20,684.15 ","$172,428.13 "
10/1/66,"$20,768.14 ","$172,601.26 "
11/1/66,"$20,768.14 ","$172,443.78 "
12/1/66,"$20,852.14 ","$172,930.88 "
1/1/67,"$20,852.14 ","$173,036.00 "
2/1/67,"$20,852.14 ","$172,511.65 "
3/1/67,"$20,705.15 ","$171,295.59 "
4/1/67,"$20,789.14 ","$171,470.84 "
5/1/67,"$20,915.14 ","$172,510.10 "
6/1/67,"$20,957.14 ","$171,818.34 "
7/1/67,"$20,957.14 ","$171,303.91 "
8/1/67,"$21,083.13 ","$171,819.33 "
9/1/67,"$21,083.13 ","$171,307.96 "
10/1/67,"$21,167.13 ","$171,480.13 "
11/1/67,"$21,230.13 ","$170,975.82 "
12/1/67,"$21,335.12 ","$171,315.99 "
1/1/68,"$21,314.12 ","$170,645.47 "
2/1/68,"$21,419.12 ","$170,984.70 "
3/1/68,"$21,377.12 ","$170,151.90 "
4/1/68,"$21,377.12 ","$169,657.28 "
5/1/68,"$21,314.12 ","$168,666.97 "
6/1/68,"$21,482.11 ","$169,016.54 "
7/1/68,"$21,566.11 ","$168,705.07 "
8/1/68,"$21,629.11 ","$168,714.47 "
9/1/68,"$21,629.11 ","$168,233.81 "
10/1/68,"$21,776.10 ","$168,417.47 "
11/1/68,"$22,028.09 ","$169,885.11 "
12/1/68,"$22,217.08 ","$170,380.04 "
1/1/69,"$22,322.08 ","$170,705.76 "
2/1/69,"$22,427.08 ","$171,029.66 "
3/1/69,"$22,616.07 ","$171,037.63 "
4/1/69,"$22,637.07 ","$170,253.22 "
5/1/69,"$22,742.06 ","$170,572.95 "
6/1/69,"$22,805.06 ","$170,110.79 "
7/1/69,"$23,015.05 ","$170,744.15 "
8/1/69,"$23,162.05 ","$171,369.04 "
9/1/69,"$23,330.04 ","$171,681.43 "
10/1/69,"$23,519.03 ","$172,144.17 "
11/1/69,"$23,624.03 ","$171,990.50 "
12/1/69,"$23,771.02 ","$172,142.54 "
1/1/70,"$24,002.01 ","$172,898.07 "
2/1/70,"$24,170.00 ","$173,194.23 "
3/1/70,"$24,296.00 ","$173,187.98 "
4/1/70,"$24,400.99 ","$173,032.81 "
5/1/70,"$24,589.99 ","$173,921.30 "
6/1/70,"$24,757.98 ","$174,206.85 "
7/1/70,"$24,820.98 ","$174,201.17 "
8/1/70,"$25,051.97 ","$175,371.50 "
9/1/70,"$25,303.96 ","$176,231.75 "
10/1/70,"$25,429.95 ","$176,210.19 "
11/1/70,"$25,576.95 ","$176,333.69 "
12/1/70,"$25,723.94 ","$176,455.89 "
1/1/71,"$25,786.94 ","$176,444.71 "
2/1/71,"$25,723.94 ","$176,013.64 "
3/1/71,"$25,723.94 ","$175,573.61 "
4/1/71,"$25,807.94 ","$175,707.66 "
5/1/71,"$25,996.93 ","$176,115.98 "
6/1/71,"$26,269.92 ","$177,086.50 "
7/1/71,"$26,311.92 ","$176,932.76 "
8/1/71,"$26,395.91 ","$177,061.43 "
9/1/71,"$26,458.91 ","$177,049.02 "
10/1/71,"$26,542.91 ","$177,176.84 "
11/1/71,"$26,752.90 ","$178,142.99 "
12/1/71,"$26,815.90 ","$178,128.04 "
1/1/72,"$26,899.89 ","$178,252.25 "
2/1/72,"$26,962.89 ","$177,806.58 "
3/1/72,"$26,941.89 ","$177,668.10 "
4/1/72,"$26,983.89 ","$177,516.28 "
5/1/72,"$27,067.88 ","$177,640.77 "
6/1/72,"$27,235.88 ","$178,314.68 "
7/1/72,"$27,508.87 ","$179,671.09 "
8/1/72,"$27,613.86 ","$179,926.38 "
9/1/72,"$27,592.86 ","$178,935.44 "
10/1/72,"$27,571.86 ","$178,375.56 "
11/1/72,"$27,592.86 ","$177,669.38 "
12/1/72,"$27,613.86 ","$177,386.24 "
1/1/73,"$27,550.86 ","$176,152.59 "
2/1/73,"$27,550.86 ","$174,923.61 "
3/1/73,"$27,571.86 ","$173,443.52 "
4/1/73,"$27,571.86 ","$172,252.83 "
5/1/73,"$27,634.86 ","$171,859.87 "
6/1/73,"$27,697.86 ","$171,082.54 "
7/1/73,"$27,676.86 ","$170,952.83 "
8/1/73,"$27,928.85 ","$169,442.47 "
9/1/73,"$28,033.84 ","$169,326.87 "
10/1/73,"$28,243.84 ","$169,098.84 "
11/1/73,"$28,369.83 ","$168,743.01 "
12/1/73,"$28,558.82 ","$168,399.58 "
1/1/74,"$28,789.81 ","$167,947.94 "
2/1/74,"$29,020.80 ","$167,505.85 "
3/1/74,"$29,335.79 ","$167,552.78 "
4/1/74,"$29,440.79 ","$167,103.72 "
5/1/74,"$29,587.78 ","$166,210.27 "
6/1/74,"$29,755.77 ","$165,789.43 "
7/1/74,"$29,902.77 ","$165,594.63 "
8/1/74,"$30,175.76 ","$165,097.09 "
9/1/74,"$30,469.74 ","$164,399.30 "
10/1/74,"$30,721.73 ","$164,458.84 "
11/1/74,"$30,952.72 ","$164,086.68 "
12/1/74,"$31,435.70 ","$165,362.68 "
1/1/75,"$32,033.50 ","$167,218.54 "
2/1/75,"$32,086.75 ","$166,541.21 "
3/1/75,"$32,169.16 ","$166,336.49 "
4/1/75,"$32,222.41 ","$165,983.11 "
5/1/75,"$32,318.77 ","$166,165.95 "
6/1/75,"$32,298.49 ","$164,820.10 "
7/1/75,"$32,472.18 ","$164,172.13 "
8/1/75,"$32,664.89 ","$164,537.03 "
9/1/75,"$32,994.54 ","$164,979.95 "
10/1/75,"$33,239.23 ","$165,295.24 "
11/1/75,"$33,475.05 ","$165,263.84 "
12/1/75,"$33,570.14 ","$164,839.05 "
1/1/76,"$33,693.12 ","$164,849.93 "
2/1/76,"$33,757.78 ","$164,870.82 "
3/1/76,"$34,054.46 ","$166,022.79 "
4/1/76,"$34,395.51 ","$167,386.58 "
5/1/76,"$34,801.22 ","$168,460.12 "
6/1/76,"$34,908.99 ","$168,087.71 "
7/1/76,"$35,196.79 ","$168,581.51 "
8/1/76,"$35,426.27 ","$168,792.27 "
9/1/76,"$35,681.11 ","$169,121.03 "
10/1/76,"$35,797.75 ","$168,794.74 "
11/1/76,"$36,005.68 ","$169,190.75 "
12/1/76,"$36,304.89 ","$169,720.39 "
1/1/77,"$36,606.64 ","$170,256.42 "
2/1/77,"$37,036.44 ","$170,512.52 "
3/1/77,"$37,566.40 ","$172,081.85 "
4/1/77,"$38,234.56 ","$173,974.89 "
5/1/77,"$38,707.47 ","$175,541.59 "
6/1/77,"$39,000.34 ","$175,992.74 "
7/1/77,"$39,402.25 ","$176,929.06 "
8/1/77,"$39,801.62 ","$177,844.84 "
9/1/77,"$40,322.71 ","$179,585.38 "
10/1/77,"$40,829.85 ","$180,958.43 "
11/1/77,"$41,252.04 ","$181,650.03 "
12/1/77,"$41,624.79 ","$182,408.78 "
1/1/78,"$42,044.45 ","$183,072.40 "
2/1/78,"$42,516.09 ","$184,244.49 "
3/1/78,"$43,108.18 ","$185,631.71 "
4/1/78,"$43,673.64 ","$186,595.11 "
5/1/78,"$44,273.33 ","$187,397.68 "
6/1/78,"$44,940.22 ","$188,757.22 "
7/1/78,"$45,572.88 ","$189,953.33 "
8/1/78,"$46,173.84 ","$191,290.02 "
9/1/78,"$46,658.16 ","$191,552.44 "
10/1/78,"$47,110.78 ","$191,681.20 "
11/1/78,"$47,605.24 ","$192,545.21 "
12/1/78,"$48,169.44 ","$193,679.46 "
1/1/79,"$48,813.50 ","$194,549.95 "
2/1/79,"$49,427.14 ","$195,002.92 "
3/1/79,"$50,082.62 ","$195,610.25 "
4/1/79,"$50,733.03 ","$196,185.92 "
5/1/79,"$51,391.04 ","$196,503.79 "
6/1/79,"$52,041.45 ","$196,785.88 "
7/1/79,"$52,624.66 ","$196,810.46 "
8/1/79,"$53,154.62 ","$196,904.33 "
9/1/79,"$53,604.71 ","$196,703.35 "
10/1/79,"$54,080.15 ","$196,336.83 "
11/1/79,"$54,468.12 ","$195,663.82 "
12/1/79,"$54,796.49 ","$194,539.65 "
1/1/80,"$55,074.15 ","$192,768.00 "
2/1/80,"$55,392.38 ","$191,427.65 "
3/1/80,"$55,865.29 ","$190,410.67 "
4/1/80,"$56,388.91 ","$190,294.80 "
5/1/80,"$56,788.28 ","$189,766.00 "
6/1/80,"$57,133.14 ","$189,067.06 "
7/1/80,"$57,529.97 ","$190,149.78 "
8/1/80,"$57,865.95 ","$189,880.99 "
9/1/80,"$58,147.42 ","$189,212.67 "
10/1/80,"$58,387.04 ","$188,197.91 "
11/1/80,"$58,621.59 ","$186,967.26 "
12/1/80,"$58,853.61 ","$185,969.23 "
1/1/81,"$59,034.91 ","$184,830.72 "
2/1/81,"$59,272.00 ","$183,885.99 "
3/1/81,"$59,625.73 ","$183,730.70 "
4/1/81,"$60,156.96 ","$184,327.41 "
5/1/81,"$60,575.35 ","$184,367.86 "
6/1/81,"$60,967.12 ","$183,919.95 "
7/1/81,"$61,280.27 ","$182,844.25 "
8/1/81,"$61,594.70 ","$182,387.12 "
9/1/81,"$61,711.34 ","$180,966.02 "
10/1/81,"$61,795.02 ","$180,629.36 "
11/1/81,"$61,798.83 ","$179,870.17 "
12/1/81,"$61,848.27 ","$179,440.17 "
1/1/82,"$61,890.11 ","$178,990.92 "
2/1/82,"$61,990.27 ","$178,712.65 "
3/1/82,"$61,956.04 ","$178,613.96 "
4/1/82,"$62,037.18 ","$178,283.10 "
5/1/82,"$62,118.32 ","$176,840.95 "
6/1/82,"$62,113.25 ","$174,821.26 "
7/1/82,"$62,096.77 ","$173,878.60 "
8/1/82,"$62,068.88 ","$173,444.72 "
9/1/82,"$62,090.43 ","$173,504.94 "
10/1/82,"$62,091.70 ","$172,801.01 "
11/1/82,"$62,095.50 ","$172,987.92 "
12/1/82,"$62,200.73 ","$173,813.16 "
1/1/83,"$62,408.66 ","$174,037.93 "
2/1/83,"$62,733.23 ","$174,764.54 "
3/1/83,"$62,993.14 ","$175,309.72 "
4/1/83,"$63,317.71 ","$174,964.52 "
5/1/83,"$63,635.94 ","$175,134.83 "
6/1/83,"$63,947.83 ","$175,639.08 "
7/1/83,"$64,312.97 ","$175,933.99 "
8/1/83,"$64,598.24 ","$176,184.76 "
9/1/83,"$64,770.67 ","$176,127.19 "
10/1/83,"$64,892.38 ","$175,757.92 "
11/1/83,"$64,981.13 ","$175,476.05 "
12/1/83,"$65,151.02 ","$175,414.30 "
1/1/84,"$65,341.20 ","$174,720.19 "
2/1/84,"$65,551.66 ","$174,428.75 "
3/1/84,"$65,850.88 ","$174,714.10 "
4/1/84,"$66,219.82 ","$175,012.64 "
5/1/84,"$66,636.94 ","$175,774.73 "
6/1/84,"$67,021.10 ","$176,447.10 "
7/1/84,"$67,391.31 ","$176,740.02 "
8/1/84,"$67,714.61 ","$177,077.60 "
9/1/84,"$67,914.94 ","$177,092.58 "
10/1/84,"$68,040.45 ","$176,744.62 "
11/1/84,"$68,050.60 ","$176,435.24 "
12/1/84,"$68,197.67 ","$176,481.35 "
1/1/85,"$68,432.22 ","$176,753.24 "
2/1/85,"$68,742.84 ","$176,553.34 "
3/1/85,"$69,134.61 ","$176,728.26 "
4/1/85,"$69,604.98 ","$177,598.08 "
5/1/85,"$70,137.48 ","$178,622.89 "
6/1/85,"$70,642.08 ","$179,405.91 "
7/1/85,"$71,147.95 ","$180,355.10 "
8/1/85,"$71,638.61 ","$181,262.28 "
9/1/85,"$72,102.64 ","$182,098.85 "
10/1/85,"$72,510.89 ","$182,454.78 "
11/1/85,"$72,907.73 ","$182,611.79 "
12/1/85,"$73,295.69 ","$182,745.23 "
1/1/86,"$73,735.64 ","$183,173.02 "
2/1/86,"$74,171.78 ","$184,592.40 "
3/1/86,"$74,730.90 ","$187,006.71 "
4/1/86,"$75,419.34 ","$189,423.96 "
5/1/86,"$76,136.94 ","$190,699.98 "
6/1/86,"$76,893.85 ","$191,891.63 "
7/1/86,"$77,657.10 ","$193,619.36 "
8/1/86,"$78,330.33 ","$195,119.71 "
9/1/86,"$78,912.27 ","$195,854.52 "
10/1/86,"$79,354.75 ","$196,595.27 "
11/1/86,"$79,751.59 ","$197,220.48 "
12/1/86,"$80,338.60 ","$197,954.89 "
1/1/87,"$80,829.26 ","$198,091.18 "
2/1/87,"$81,336.40 ","$198,620.87 "
3/1/87,"$81,762.40 ","$198,949.34 "
4/1/87,"$82,402.66 ","$199,617.70 "
5/1/87,"$83,131.67 ","$200,849.06 "
6/1/87,"$83,979.87 ","$202,004.51 "
7/1/87,"$84,694.93 ","$203,187.45 "
8/1/87,"$85,303.50 ","$203,752.22 "
9/1/87,"$85,753.59 ","$204,112.98 "
10/1/87,"$86,107.32 ","$204,420.28 "
11/1/87,"$86,349.48 ","$204,284.61 "
12/1/87,"$86,667.71 ","$204,682.74 "
1/1/88,"$86,968.19 ","$204,684.13 "
2/1/88,"$87,390.38 ","$205,323.77 "
3/1/88,"$87,906.40 ","$206,004.31 "
4/1/88,"$88,493.41 ","$206,141.32 "
5/1/88,"$89,278.21 ","$207,438.49 "
6/1/88,"$90,113.73 ","$208,492.62 "
7/1/88,"$90,897.26 ","$209,418.08 "
8/1/88,"$91,531.18 ","$209,992.53 "
9/1/88,"$92,024.38 ","$210,240.67 "
10/1/88,"$92,338.80 ","$210,255.22 "
11/1/88,"$92,646.89 ","$210,255.30 "
12/1/88,"$92,915.67 ","$210,166.47 "
1/1/89,"$93,342.94 ","$210,261.90 "
2/1/89,"$93,786.69 ","$210,566.54 "
3/1/89,"$94,347.08 ","$210,784.66 "
4/1/89,"$94,927.75 ","$210,531.40 "
5/1/89,"$95,471.66 ","$210,710.66 "
6/1/89,"$95,978.80 ","$211,147.17 "
7/1/89,"$96,417.48 ","$211,430.76 "
8/1/89,"$96,710.35 ","$212,072.98 "
9/1/89,"$96,897.99 ","$211,973.67 "
10/1/89,"$96,981.67 ","$211,141.62 "
11/1/89,"$97,020.97 ","$210,388.32 "
12/1/89,"$96,989.28 ","$209,653.50 "
1/1/90,"$97,024.78 ","$207,756.31 "
2/1/90,"$97,100.85 ","$207,107.01 "
3/1/90,"$97,358.22 ","$206,687.11 "
4/1/90,"$97,676.45 ","$206,880.09 "
5/1/90,"$98,003.56 ","$207,251.34 "
6/1/90,"$98,263.47 ","$206,521.22 "
7/1/90,"$98,329.40 ","$205,709.63 "
8/1/90,"$98,224.16 ","$203,771.84 "
9/1/90,"$97,905.93 ","$201,732.03 "
10/1/90,"$97,505.29 ","$199,551.08 "
11/1/90,"$96,830.80 ","$197,726.03 "
12/1/90,"$96,312.25 ","$195,934.43 "
1/1/91,"$96,113.00 ","$194,803.28 "
2/1/91,"$96,478.23 ","$195,398.47 "
3/1/91,"$96,756.96 ","$195,962.98 "
4/1/91,"$96,737.73 ","$195,488.99 "
5/1/91,"$96,901.13 ","$195,097.13 "
6/1/91,"$97,400.91 ","$195,526.61 "
7/1/91,"$97,362.47 ","$195,162.43 "
8/1/91,"$97,324.02 ","$194,514.10 "
9/1/91,"$97,400.91 ","$194,099.40 "
10/1/91,"$97,621.97 ","$194,256.34 "
11/1/91,"$98,044.87 ","$194,248.38 "
12/1/91,"$98,189.04 ","$193,970.96 "
1/1/92,"$98,237.10 ","$193,925.57 "
2/1/92,"$98,881.05 ","$194,774.27 "
3/1/92,"$98,996.39 ","$194,300.52 "
4/1/92,"$98,909.89 ","$193,712.96 "
5/1/92,"$99,054.06 ","$193,578.71 "
6/1/92,"$99,371.23 ","$193,644.10 "
7/1/92,"$99,649.96 ","$193,634.41 "
8/1/92,"$100,207.41 ","$194,302.74 "
9/1/92,"$100,428.47 ","$194,317.35 "
10/1/92,"$100,620.70 ","$193,864.92 "
11/1/92,"$100,832.15 ","$193,725.45 "
12/1/92,"$100,428.47 ","$192,678.70 "
1/1/93,"$100,188.19 ","$191,544.67 "
2/1/93,"$99,909.46 ","$190,611.34 "
3/1/93,"$100,495.75 ","$191,462.29 "
4/1/93,"$101,312.71 ","$192,347.61 "
5/1/93,"$101,677.94 ","$192,505.54 "
6/1/93,"$102,446.85 ","$193,826.88 "
7/1/93,"$102,446.85 ","$193,558.61 "
8/1/93,"$102,927.41 ","$194,063.66 "
9/1/93,"$103,081.19 ","$194,085.53 "
10/1/93,"$103,196.53 ","$193,502.00 "
11/1/93,"$103,417.59 ","$193,385.22 "
12/1/93,"$103,590.59 ","$193,311.51 "
1/1/94,"$103,523.31 ","$193,185.96 "
2/1/94,"$103,667.48 ","$192,927.52 "
3/1/94,"$104,349.88 ","$193,669.41 "
4/1/94,"$104,878.51 ","$194,518.28 "
5/1/94,"$105,435.96 ","$195,154.46 "
6/1/94,"$106,012.64 ","$195,691.16 "
7/1/94,"$106,108.75 ","$195,208.64 "
8/1/94,"$106,416.31 ","$194,986.11 "
9/1/94,"$106,272.14 ","$194,330.68 "
10/1/94,"$106,368.26 ","$194,376.24 "
11/1/94,"$106,464.37 ","$194,032.38 "
12/1/94,"$106,156.81 ","$193,085.16 "
1/1/95,"$106,156.81 ","$192,571.98 "
2/1/95,"$106,627.76 ","$192,913.58 "
3/1/95,"$106,887.27 ","$192,999.38 "
4/1/95,"$107,348.61 ","$193,066.26 "
5/1/95,"$107,752.28 ","$193,410.04 "
6/1/95,"$108,511.58 ","$194,389.52 "
7/1/95,"$109,011.36 ","$195,028.90 "
8/1/95,"$109,338.15 ","$195,229.74 "
9/1/95,"$109,261.26 ","$194,837.59 "
10/1/95,"$109,117.09 ","$194,073.45 "
11/1/95,"$109,184.37 ","$193,940.42 "
12/1/95,"$109,318.93 ","$193,927.09 "
1/1/96,"$109,405.43 ","$193,076.89 "
2/1/96,"$109,520.76 ","$192,906.34 "
3/1/96,"$110,337.72 ","$193,720.40 "
4/1/96,"$110,856.73 ","$193,883.53 "
5/1/96,"$111,423.80 ","$194,501.50 "
6/1/96,"$111,913.98 ","$194,983.14 "
7/1/96,"$112,279.21 ","$195,245.67 "
8/1/96,"$112,298.43 ","$195,030.65 "
9/1/96,"$112,240.76 ","$194,312.46 "
10/1/96,"$112,125.43 ","$193,499.28 "
11/1/96,"$112,269.60 ","$193,137.66 "
12/1/96,"$112,269.60 ","$192,652.09 "
1/1/97,"$112,106.20 ","$192,009.65 "
2/1/97,"$112,375.32 ","$192,109.02 "
3/1/97,"$113,288.39 ","$193,548.75 "
4/1/97,"$113,740.12 ","$194,198.99 "
5/1/97,"$114,528.25 ","$195,544.63 "
6/1/97,"$114,951.15 ","$195,899.14 "
7/1/97,"$115,229.88 ","$196,129.29 "
8/1/97,"$115,633.55 ","$196,326.78 "
9/1/97,"$115,441.32 ","$195,514.06 "
10/1/97,"$115,806.55 ","$195,768.29 "
11/1/97,"$115,969.95 ","$195,802.02 "
12/1/97,"$116,008.39 ","$195,745.88 "
1/1/98,"$116,181.39 ","$195,795.77 "
2/1/98,"$116,988.74 ","$197,156.36 "
3/1/98,"$117,824.93 ","$198,565.55 "
4/1/98,"$118,651.50 ","$199,711.98 "
5/1/98,"$119,535.74 ","$200,705.36 "
6/1/98,"$120,689.09 ","$202,392.94 "
7/1/98,"$120,958.21 ","$202,347.08 "
8/1/98,"$121,400.33 ","$202,838.11 "
9/1/98,"$121,861.67 ","$203,484.40 "
10/1/98,"$122,111.57 ","$203,404.05 "
11/1/98,"$122,640.19 ","$204,035.61 "
12/1/98,"$122,851.64 ","$204,014.42 "
1/1/99,"$123,303.37 ","$204,391.62 "
2/1/99,"$123,755.10 ","$205,140.42 "
3/1/99,"$124,783.51 ","$206,719.63 "
4/1/99,"$125,715.80 ","$206,883.20 "
5/1/99,"$126,936.44 ","$208,766.09 "
6/1/99,"$127,936.01 ","$210,410.04 "
7/1/99,"$128,599.19 ","$210,612.62 "
8/1/99,"$129,281.60 ","$211,223.38 "
9/1/99,"$129,358.49 ","$210,467.34 "
10/1/99,"$129,867.89 ","$210,919.04 "
11/1/99,"$130,069.72 ","$210,870.52 "
12/1/99,"$130,329.23 ","$210,790.54 "
1/1/00,"$131,626.75 ","$212,260.39 "
2/1/00,"$131,386.47 ","$211,000.49 "
3/1/00,"$132,905.06 ","$212,191.08 "
4/1/00,"$134,154.53 ","$214,311.27 "
5/1/00,"$135,230.99 ","$215,652.36 "
6/1/00,"$136,595.80 ","$216,563.83 "
7/1/00,"$137,287.81 ","$217,030.80 "
8/1/00,"$137,710.71 ","$217,699.34 "
9/1/00,"$138,297.00 ","$217,492.74 "
10/1/00,"$138,729.50 ","$217,796.55 "
11/1/00,"$139,171.62 ","$218,114.37 "
12/1/00,"$139,604.13 ","$218,290.97 "
1/1/01,"$140,200.03 ","$217,974.32 "
2/1/01,"$141,113.11 ","$218,895.29 "
3/1/01,"$142,381.80 ","$220,737.87 "
4/1/01,"$143,612.04 ","$222,266.51 "
5/1/01,"$144,784.62 ","$222,943.82 "
6/1/01,"$145,986.04 ","$224,287.79 "
7/1/01,"$146,812.61 ","$225,939.14 "
8/1/01,"$147,360.45 ","$226,782.25 "
9/1/01,"$147,879.46 ","$226,686.51 "
10/1/01,"$148,446.53 ","$228,196.42 "
11/1/01,"$148,417.69 ","$228,280.63 "
12/1/01,"$148,927.09 ","$229,193.26 "
1/1/02,"$149,426.88 ","$229,574.18 "
2/1/02,"$150,301.51 ","$230,528.74 "
3/1/02,"$151,772.04 ","$232,132.14 "
4/1/02,"$153,021.51 ","$232,998.93 "
5/1/02,"$154,684.26 ","$235,268.30 "
6/1/02,"$156,193.24 ","$237,431.11 "
7/1/02,"$157,221.65 ","$238,463.31 "
8/1/02,"$158,086.66 ","$239,111.11 "
9/1/02,"$158,769.06 ","$239,744.80 "
10/1/02,"$159,509.13 ","$240,330.62 "
11/1/02,"$159,855.14 ","$240,453.84 "
12/1/02,"$160,499.10 ","$241,024.09 "
1/1/03,"$161,008.50 ","$240,729.75 "
2/1/03,"$162,075.35 ","$241,004.99 "
3/1/03,"$163,199.87 ","$242,281.26 "
4/1/03,"$164,708.85 ","$245,455.74 "
5/1/03,"$166,342.77 ","$248,297.28 "
6/1/03,"$167,697.96 ","$250,046.73 "
7/1/03,"$168,995.49 ","$251,158.39 "
8/1/03,"$170,091.18 ","$251,690.69 "
9/1/03,"$171,138.81 ","$252,420.03 "
10/1/03,"$171,705.87 ","$253,530.36 "
11/1/03,"$172,436.33 ","$254,471.29 "
12/1/03,"$173,272.52 ","$255,016.04 "
1/1/04,"$173,772.30 ","$254,653.38 "
2/1/04,"$175,252.44 ","$256,272.20 "
3/1/04,"$177,184.32 ","$258,543.26 "
4/1/04,"$179,279.58 ","$261,181.84 "
5/1/04,"$181,826.57 ","$263,766.40 "
6/1/04,"$184,306.29 ","$266,372.83 "
7/1/04,"$185,834.49 ","$268,297.43 "
8/1/04,"$187,074.34 ","$269,944.72 "
9/1/04,"$188,121.97 ","$270,598.30 "
10/1/04,"$188,996.60 ","$270,431.55 "
11/1/04,"$189,986.57 ","$270,571.79 "
12/1/04,"$190,928.47 ","$271,913.22 "
1/1/05,"$191,553.21 ","$272,945.33 "
2/1/05,"$193,244.80 ","$274,210.75 "
3/1/05,"$195,993.63 ","$277,103.12 "
4/1/05,"$198,492.57 ","$279,766.92 "
5/1/05,"$201,097.23 ","$283,584.49 "
6/1/05,"$203,548.11 ","$286,892.50 "
7/1/05,"$205,499.21 ","$287,859.15 "
8/1/05,"$206,892.84 ","$288,037.88 "
9/1/05,"$208,209.59 ","$285,934.19 "
10/1/05,"$208,728.60 ","$286,215.03 "
11/1/05,"$209,276.45 ","$288,414.85 "
12/1/05,"$209,670.51 ","$288,957.93 "
1/1/06,"$210,141.46 ","$287,863.23 "
2/1/06,"$211,073.76 ","$288,995.33 "
3/1/06,"$212,659.62 ","$290,729.24 "
4/1/06,"$214,043.65 ","$291,163.35 "
5/1/06,"$215,735.24 ","$292,589.71 "
6/1/06,"$216,504.14 ","$292,905.00 "
7/1/06,"$216,235.03 ","$290,954.94 "
8/1/06,"$216,734.82 ","$290,339.57 "
9/1/06,"$215,985.13 ","$290,762.00 "
10/1/06,"$215,591.07 ","$291,525.26 "
11/1/06,"$215,312.34 ","$291,004.22 "
12/1/06,"$214,399.27 ","$288,200.75 "
1/1/07,"$214,274.32 ","$287,555.66 "
2/1/07,"$214,927.89 ","$287,318.43 "
3/1/07,"$216,609.87 ","$288,068.92 "
4/1/07,"$217,744.00 ","$288,710.88 "
5/1/07,"$218,003.51 ","$287,865.22 "
6/1/07,"$217,955.45 ","$287,136.54 "
7/1/07,"$216,725.20 ","$285,008.32 "
8/1/07,"$215,543.01 ","$283,366.30 "
9/1/07,"$213,899.48 ","$280,019.01 "
10/1/07,"$211,602.38 ","$276,160.38 "
11/1/07,"$209,199.56 ","$270,895.53 "
12/1/07,"$207,017.79 ","$267,295.71 "
1/1/08,"$204,403.52 ","$263,013.44 "
2/1/08,"$203,692.28 ","$261,466.08 "
3/1/08,"$202,635.04 ","$259,181.61 "
4/1/08,"$201,625.85 ","$257,295.33 "
5/1/08,"$200,732.00 ","$254,647.81 "
6/1/08,"$200,261.05 ","$251,415.96 "
7/1/08,"$198,281.12 ","$247,165.16 "
8/1/08,"$196,003.24 ","$244,689.91 "
9/1/08,"$193,485.08 ","$241,339.88 "
10/1/08,"$191,389.82 ","$240,796.87 "
11/1/08,"$187,180.07 ","$239,745.18 "
12/1/08,"$185,498.09 ","$239,563.31 "
1/1/09,"$186,142.05 ","$239,788.11 "
2/1/09,"$186,872.51 ","$239,855.37 "
3/1/09,"$185,267.42 ","$238,030.21 "
4/1/09,"$185,401.98 ","$237,963.44 "
5/1/09,"$186,728.34 ","$239,313.67 "
6/1/09,"$187,478.02 ","$238,296.70 "
7/1/09,"$186,805.23 ","$237,512.31 "
8/1/09,"$186,161.27 ","$235,903.64 "
9/1/09,"$185,132.86 ","$234,148.33 "
10/1/09,"$185,017.53 ","$233,302.10 "
11/1/09,"$184,863.74 ","$232,330.21 "
12/1/09,"$181,711.24 ","$228,249.52 "
1/1/10,"$180,798.16 ","$226,955.37 "
2/1/10,"$180,375.27 ","$226,640.21 "
3/1/10,"$180,913.50 ","$227,241.20 "
4/1/10,"$182,547.42 ","$229,240.79 "
5/1/10,"$184,181.34 ","$231,412.93 "
6/1/10,"$183,258.66 ","$230,350.11 "
7/1/10,"$182,124.52 ","$228,497.42 "
8/1/10,"$181,384.45 ","$227,236.83 "
9/1/10,"$178,847.07 ","$223,696.70 "
10/1/10,"$178,529.90 ","$222,525.19 "
11/1/10,"$177,299.65 ","$220,433.23 "
12/1/10,"$174,589.26 ","$216,195.09 "
1/1/11,"$172,618.95 ","$213,064.26 "
2/1/11,"$171,186.86 ","$210,619.60 "
3/1/11,"$170,177.68 ","$208,300.30 "
4/1/11,"$172,071.10 ","$209,633.84 "
5/1/11,"$173,330.18 ","$210,498.03 "
6/1/11,"$174,867.99 ","$212,365.60 "
7/1/11,"$175,165.94 ","$212,171.54 "
8/1/11,"$174,041.42 ","$210,146.55 "
9/1/11,"$174,252.87 ","$209,945.96 "
10/1/11,"$172,580.50 ","$207,790.73 "
11/1/11,"$172,791.95 ","$207,661.59 "
12/1/11,"$171,888.49 ","$206,526.72 "
1/1/12,"$170,120.01 ","$203,846.54 "
2/1/12,"$170,610.19 ","$203,997.86 "
3/1/12,"$173,176.40 ","$206,633.70 "
4/1/12,"$175,636.90 ","$209,222.08 "
5/1/12,"$178,462.62 ","$213,028.71 "
6/1/12,"$180,298.38 ","$215,398.03 "
7/1/12,"$180,596.33 ","$215,691.69 "
8/1/12,"$180,971.17 ","$214,890.96 "
9/1/12,"$180,807.78 ","$213,677.43 "
10/1/12,"$180,836.61 ","$213,136.72 "
11/1/12,"$181,000.00 ","$213,688.16 "
12/1/12,"$180,519.44 ","$213,146.61 "
1/1/13,"$180,711.66 ","$212,951.77 "
2/1/13,"$181,941.91 ","$213,243.60 "
3/1/13,"$185,219.36 ","$217,697.06 "
4/1/13,"$187,747.13 ","$221,129.78 "
5/1/13,"$191,159.15 ","$225,055.27 "
6/1/13,"$193,523.53 ","$227,297.83 "
7/1/13,"$194,561.55 ","$228,070.57 "
8/1/13,"$194,167.48 ","$227,066.57 "
9/1/13,"$194,148.26 ","$226,958.54 "
10/1/13,"$193,561.97 ","$226,152.12 "
11/1/13,"$193,023.74 ","$225,108.06 "
12/1/13,"$192,802.68 ","$224,257.28 "
1/1/14,"$192,456.67 ","$223,313.47 "
2/1/14,"$193,379.36 ","$224,137.37 "
3/1/14,"$195,791.79 ","$226,471.05 "
4/1/14,"$197,906.28 ","$228,490.91 "
5/1/14,"$200,145.71 ","$230,637.52 "
6/1/14,"$202,433.20 ","$232,965.73 "
7/1/14,"$203,125.21 ","$233,499.32 "
8/1/14,"$202,731.15 ","$233,083.62 "
9/1/14,"$201,933.41 ","$232,149.83 "
10/1/14,"$201,962.25 ","$232,228.94 "
11/1/14,"$202,154.47 ","$232,888.42 "
12/1/14,"$202,231.36 ","$233,697.87 "
1/1/15,"$201,327.90 ","$234,145.41 "
2/1/15,"$203,211.72 ","$235,738.78 "
3/1/15,"$205,806.77 ","$238,107.76 "
4/1/15,"$207,940.48 ","$240,325.82 "
5/1/15,"$211,006.48 ","$243,067.76 "
6/1/15,"$212,938.35 ","$244,616.09 "
7/1/15,"$213,774.53 ","$245,187.72 "
8/1/15,"$213,130.58 ","$244,450.16 "
9/1/15,"$213,159.41 ","$245,033.97 "
10/1/15,"$213,053.69 ","$244,670.34 "
11/1/15,"$213,486.20 ","$244,874.50 "
12/1/15,"$213,111.35 ","$244,707.74 "
1/1/16,"$213,044.08 ","$244,742.69 "
2/1/16,"$213,793.76 ","$245,930.92 "
3/1/16,"$217,494.11 ","$249,405.67 "
4/1/16,"$219,858.49 ","$251,154.87 "
5/1/16,"$222,549.65 ","$253,629.51 "
6/1/16,"$224,741.03 ","$255,417.89 "
7/1/16,"$225,711.77 ","$256,650.42 "
8/1/16,"$225,654.10 ","$256,111.24 "
9/1/16,"$225,817.49 ","$255,626.12 "
10/1/16,"$225,779.05 ","$254,985.25 "
11/1/16,"$226,211.56 ","$255,172.87 "
12/1/16,"$226,288.45 ","$254,616.82 "
1/1/17,"$225,384.99 ","$252,576.99 "
2/1/17,"$227,307.25 ","$254,467.94 "
3/1/17,"$230,921.09 ","$258,626.02 "
4/1/17,"$234,044.77 ","$261,579.33 "
5/1/17,"$236,755.15 ","$264,830.84 "
6/1/17,"$238,437.13 ","$266,549.55 "
7/1/17,"$239,503.98 ","$267,674.23 "
8/1/17,"$240,234.44 ","$267,477.77 "
9/1/17,"$239,955.72 ","$265,708.88 "
10/1/17,"$239,965.33 ","$265,605.33 "
11/1/17,"$240,763.07 ","$265,711.61 "
12/1/17,"$240,455.50 ","$264,988.69 "
1/1/18,"$241,474.30 ","$265,057.56 "
2/1/18,"$244,117.41 ","$267,336.47 "
3/1/18,"$246,847.02 ","$270,090.61 "
4/1/18,"$249,028.78 ","$271,652.57 "
5/1/18,"$251,941.01 ","$274,269.37 "
6/1/18,"$253,574.93 ","$275,645.82 "
7/1/18,"$254,343.83 ","$276,269.34 "
8/1/18,"$254,785.95 ","$276,320.82 "
9/1/18,"$254,141.99 ","$275,132.80 "
10/1/18,"$253,920.93 ","$274,115.21 "
11/1/18,"$254,670.62 ","$275,008.24 "
12/1/18,"$253,853.66 ","$274,483.23 "
1/1/19,"$254,497.61 ","$275,236.20 "
2/1/19,"$256,371.82 ","$276,684.42 "
3/1/19,"$259,139.87 ","$278,375.48 "
4/1/19,"$262,128.98 ","$280,286.22 "
5/1/19,"$264,839.37 ","$283,134.45 "
6/1/19,"$265,944.67 ","$284,258.22 "
7/1/19,"$267,030.75 ","$284,859.23 "
8/1/19,"$267,001.91 ","$284,613.84 "
9/1/19,"$267,722.76 ","$284,921.67 "
10/1/19,"$267,780.43 ","$284,036.38 "
11/1/19,"$268,184.10 ","$283,800.78 "
12/1/19,"$268,818.45 ","$284,236.29 "
1/1/20,"$269,702.69 ","$284,637.69 "
2/1/20,"$272,960.92 ","$287,923.87 "
3/1/20,"$275,536.75 ","$291,581.57 "
4/1/20,"$277,747.35 ","$295,982.54 "
5/1/20,"$278,670.03 ","$297,255.87 "
6/1/20,"$282,149.32 ","$299,399.69 "
7/1/20,"$285,397.94 ","$301,298.75 "
8/1/20,"$289,377.02 ","$304,431.79 "
9/1/20,"$293,058.15 ","$307,548.33 "
10/1/20,"$296,095.32 ","$310,362.26 "
11/1/20,"$298,382.81 ","$312,202.60 "
12/1/20,"$300,401.18 ","$313,553.78 "
1/1/21,"$303,034.68 ","$315,493.22 "
2/1/21,"$307,436.65 ","$318,945.04 "
3/1/21,"$314,587.46 ","$324,352.05 "
4/1/21,"$322,093.89 ","$329,553.79 "
5/1/21,"$329,465.75 ","$334,938.63 "
6/1/21,"$335,520.87 ","$338,035.60 "
7/1/21,"$340,278.47 ","$341,212.07 "
8/1/21,"$342,844.68 ","$342,844.68 "